{
    "SpawnPoints": [
      { "x": 903.1683349609375, "y": -181.35992431640625, "z": 73.99720764160156 }
    ]
}

